passengers,day,date,weather,time_value,peak_hours,weekends,holidays,hour
20,Wednesday,2024-10-30,Sunny,16:12,Yes,No,No,16
30,Friday,2024-05-03,Sunny,18:41,Yes,No,No,18
17,Saturday,2024-11-16,Rainy,22:55,No,Yes,No,22
35,Saturday,2024-06-29,Rainy,14:57,No,Yes,No,14
8,Saturday,2024-10-19,Rainy,06:28,Yes,Yes,No,6
39,Wednesday,2024-06-12,Sunny,11:50,No,No,No,11
28,Wednesday,2024-01-17,Sunny,21:44,No,No,No,21
34,Wednesday,2024-10-02,Sunny,22:23,No,No,No,22
8,Monday,2024-01-01,Sunny,07:42,Yes,No,Yes,7
49,Thursday,2024-01-04,Rainy,11:46,No,No,No,11
41,Saturday,2024-10-26,Rainy,17:47,Yes,Yes,No,17
48,Tuesday,2024-06-18,Sunny,09:21,Yes,No,No,9
15,Friday,2024-04-26,Rainy,22:56,No,No,No,22
36,Friday,2024-07-19,Rainy,07:49,Yes,No,No,7
10,Tuesday,2024-03-19,Sunny,14:36,No,No,No,14
32,Friday,2024-11-15,Sunny,20:31,No,No,No,20
16,Sunday,2024-10-27,Sunny,17:56,Yes,Yes,No,17
3,Tuesday,2024-07-16,Rainy,21:52,No,No,No,21
39,Friday,2024-03-15,Rainy,09:57,Yes,No,No,9
45,Wednesday,2024-10-02,Sunny,19:59,Yes,No,No,19
35,Thursday,2024-01-04,Sunny,15:23,No,No,No,15
14,Monday,2024-01-29,Rainy,12:16,No,No,No,12
45,Monday,2024-04-29,Rainy,10:20,No,No,No,10
45,Monday,2024-09-02,Sunny,21:42,No,No,No,21
34,Monday,2024-01-08,Sunny,10:17,No,No,No,10
39,Saturday,2024-12-21,Sunny,18:31,Yes,Yes,No,18
5,Saturday,2024-11-30,Rainy,15:07,No,Yes,No,15
4,Saturday,2024-05-25,Rainy,14:52,No,Yes,No,14
2,Thursday,2024-10-10,Rainy,15:51,No,No,No,15
5,Thursday,2024-07-25,Sunny,17:19,Yes,No,No,17
24,Saturday,2024-12-21,Rainy,22:35,No,Yes,No,22
21,Tuesday,2024-08-27,Rainy,17:28,Yes,No,No,17
23,Friday,2024-09-20,Rainy,14:33,No,No,No,14
47,Sunday,2024-06-30,Rainy,20:13,No,Yes,No,20
41,Thursday,2024-05-09,Rainy,18:52,Yes,No,No,18
9,Wednesday,2024-07-03,Sunny,19:28,Yes,No,No,19
33,Wednesday,2024-04-17,Rainy,07:25,Yes,No,No,7
11,Friday,2024-11-15,Rainy,05:17,No,No,No,5
27,Thursday,2024-06-06,Rainy,21:24,No,No,No,21
39,Monday,2024-06-17,Rainy,08:08,Yes,No,No,8
3,Thursday,2024-09-12,Rainy,22:51,No,No,No,22
19,Thursday,2024-12-05,Rainy,21:53,No,No,No,21
45,Tuesday,2024-01-23,Rainy,06:46,Yes,No,No,6
32,Wednesday,2024-04-10,Sunny,13:35,No,No,No,13
34,Tuesday,2024-02-20,Rainy,17:06,Yes,No,No,17
40,Tuesday,2024-01-02,Rainy,12:01,No,No,No,12
45,Thursday,2024-12-26,Rainy,14:46,No,No,No,14
22,Wednesday,2024-05-29,Sunny,11:07,No,No,No,11
36,Monday,2024-03-18,Rainy,14:08,No,No,No,14
48,Monday,2024-03-18,Sunny,16:39,Yes,No,No,16
11,Monday,2024-01-29,Sunny,18:20,Yes,No,No,18
37,Saturday,2024-11-09,Sunny,11:19,No,Yes,No,11
21,Sunday,2024-01-07,Rainy,17:01,Yes,Yes,No,17
33,Monday,2024-09-02,Rainy,07:25,Yes,No,No,7
36,Tuesday,2024-11-05,Sunny,13:27,No,No,No,13
4,Tuesday,2024-03-05,Sunny,13:10,No,No,No,13
41,Wednesday,2024-04-24,Rainy,14:29,No,No,No,14
47,Thursday,2024-01-04,Sunny,21:20,No,No,No,21
35,Friday,2024-11-01,Sunny,17:23,Yes,No,No,17
1,Friday,2024-04-26,Rainy,13:38,No,No,No,13
8,Sunday,2024-07-21,Rainy,21:55,No,Yes,No,21
28,Tuesday,2024-10-29,Sunny,22:42,No,No,No,22
38,Thursday,2024-06-20,Rainy,06:46,Yes,No,No,6
41,Monday,2024-07-01,Rainy,09:15,Yes,No,No,9
1,Thursday,2024-05-02,Sunny,16:30,Yes,No,No,16
15,Thursday,2024-01-11,Rainy,18:28,Yes,No,No,18
1,Wednesday,2024-02-07,Rainy,08:20,Yes,No,No,8
47,Monday,2024-11-04,Sunny,16:19,Yes,No,No,16
19,Saturday,2024-11-16,Sunny,20:11,No,Yes,No,20
10,Saturday,2024-06-22,Sunny,10:43,No,Yes,No,10
38,Sunday,2024-06-02,Sunny,16:47,Yes,Yes,No,16
20,Monday,2024-04-01,Sunny,07:35,Yes,No,No,7
35,Thursday,2024-01-11,Rainy,12:40,No,No,No,12
41,Monday,2024-02-26,Sunny,20:58,No,No,No,20
8,Wednesday,2024-12-11,Rainy,19:16,Yes,No,No,19
23,Wednesday,2024-10-30,Rainy,11:27,No,No,No,11
42,Thursday,2024-03-21,Sunny,13:10,No,No,No,13
36,Wednesday,2024-07-24,Sunny,20:14,No,No,No,20
41,Sunday,2024-08-18,Sunny,06:55,Yes,Yes,No,6
14,Tuesday,2024-07-02,Rainy,05:48,No,No,No,5
28,Thursday,2024-02-01,Sunny,12:11,No,No,No,12
32,Tuesday,2024-08-20,Rainy,11:07,No,No,No,11
43,Thursday,2024-06-06,Rainy,14:24,No,No,No,14
19,Friday,2024-01-05,Sunny,12:31,No,No,No,12
42,Thursday,2024-05-02,Rainy,13:25,No,No,No,13
30,Tuesday,2024-05-14,Sunny,16:59,Yes,No,No,16
35,Thursday,2024-01-04,Sunny,16:55,Yes,No,No,16
4,Tuesday,2024-03-26,Sunny,06:19,Yes,No,No,6
25,Wednesday,2024-02-21,Sunny,06:26,Yes,No,No,6
8,Wednesday,2024-11-06,Sunny,16:21,Yes,No,No,16
12,Tuesday,2024-10-01,Rainy,21:50,No,No,No,21
42,Thursday,2024-10-24,Rainy,18:05,Yes,No,No,18
42,Sunday,2024-09-22,Rainy,22:38,No,Yes,No,22
0,Monday,2024-11-04,Sunny,06:54,Yes,No,No,6
1,Tuesday,2024-05-28,Rainy,15:51,No,No,No,15
2,Thursday,2024-11-14,Rainy,21:21,No,No,No,21
44,Thursday,2024-09-26,Rainy,16:10,Yes,No,No,16
40,Monday,2024-03-18,Rainy,20:02,No,No,No,20
5,Sunday,2024-12-08,Rainy,18:12,Yes,Yes,No,18
31,Saturday,2024-06-29,Sunny,15:08,No,Yes,No,15
19,Monday,2024-07-08,Rainy,05:31,No,No,No,5
42,Friday,2024-09-13,Rainy,09:20,Yes,No,No,9
18,Saturday,2024-09-07,Rainy,10:48,No,Yes,No,10
32,Wednesday,2024-04-10,Sunny,19:57,Yes,No,No,19
41,Saturday,2024-04-13,Rainy,14:36,No,Yes,No,14
3,Monday,2024-12-30,Sunny,14:46,No,No,No,14
47,Friday,2024-09-20,Sunny,22:55,No,No,No,22
41,Friday,2024-11-29,Rainy,07:10,Yes,No,No,7
6,Wednesday,2024-05-22,Sunny,20:21,No,No,No,20
29,Tuesday,2024-02-06,Rainy,06:49,Yes,No,No,6
15,Tuesday,2024-03-19,Sunny,06:23,Yes,No,No,6
48,Sunday,2024-09-01,Sunny,21:28,No,Yes,No,21
32,Sunday,2024-01-28,Sunny,22:15,No,Yes,No,22
18,Tuesday,2024-12-03,Sunny,22:52,No,No,No,22
48,Monday,2024-04-29,Rainy,16:40,Yes,No,No,16
1,Saturday,2024-12-21,Rainy,14:59,No,Yes,No,14
2,Friday,2024-05-17,Sunny,13:49,No,No,No,13
11,Monday,2024-06-03,Sunny,19:46,Yes,No,No,19
36,Saturday,2024-01-27,Rainy,17:43,Yes,Yes,No,17
47,Wednesday,2024-05-01,Rainy,17:02,Yes,No,Yes,17
1,Tuesday,2024-11-19,Rainy,18:13,Yes,No,No,18
31,Wednesday,2024-05-15,Sunny,13:17,No,No,No,13
28,Tuesday,2024-11-05,Rainy,14:54,No,No,No,14
23,Wednesday,2024-03-06,Rainy,09:06,Yes,No,No,9
17,Sunday,2024-02-11,Rainy,22:05,No,Yes,No,22
12,Tuesday,2024-08-20,Rainy,13:20,No,No,No,13
26,Wednesday,2024-09-04,Rainy,05:03,No,No,No,5
27,Monday,2024-01-08,Sunny,20:23,No,No,No,20
23,Friday,2024-01-12,Rainy,11:55,No,No,No,11
37,Monday,2024-04-22,Sunny,12:59,No,No,No,12
38,Friday,2024-05-31,Sunny,09:03,Yes,No,No,9
17,Tuesday,2024-05-28,Rainy,22:35,No,No,No,22
32,Thursday,2024-08-01,Rainy,19:16,Yes,No,No,19
18,Thursday,2024-02-22,Sunny,05:51,No,No,No,5
0,Monday,2024-06-24,Sunny,06:27,Yes,No,No,6
19,Wednesday,2024-07-31,Rainy,21:03,No,No,No,21
24,Friday,2024-07-26,Sunny,14:44,No,No,No,14
35,Sunday,2024-07-28,Rainy,12:08,No,Yes,No,12
6,Monday,2024-04-29,Rainy,10:35,No,No,No,10
29,Sunday,2024-02-25,Sunny,19:12,Yes,Yes,No,19
35,Thursday,2024-12-19,Sunny,09:44,Yes,No,No,9
7,Friday,2024-04-19,Rainy,13:04,No,No,No,13
23,Sunday,2024-06-23,Sunny,06:20,Yes,Yes,No,6
35,Wednesday,2024-09-04,Rainy,05:50,No,No,No,5
13,Friday,2024-09-06,Sunny,08:06,Yes,No,No,8
36,Thursday,2024-07-11,Sunny,07:12,Yes,No,No,7
25,Wednesday,2024-06-19,Rainy,06:23,Yes,No,No,6
46,Monday,2024-08-05,Rainy,18:09,Yes,No,No,18
5,Monday,2024-06-24,Rainy,17:32,Yes,No,No,17
28,Thursday,2024-08-29,Rainy,20:10,No,No,No,20
16,Wednesday,2024-01-31,Rainy,13:27,No,No,No,13
27,Saturday,2024-07-13,Rainy,22:32,No,Yes,No,22
39,Sunday,2024-04-21,Rainy,16:40,Yes,Yes,No,16
42,Wednesday,2024-06-19,Rainy,18:46,Yes,No,No,18
19,Thursday,2024-10-31,Sunny,22:13,No,No,No,22
15,Monday,2024-01-29,Sunny,05:47,No,No,No,5
39,Tuesday,2024-12-10,Sunny,18:28,Yes,No,No,18
2,Monday,2024-12-30,Rainy,05:42,No,No,No,5
10,Thursday,2024-09-26,Rainy,22:10,No,No,No,22
21,Friday,2024-02-23,Rainy,15:34,No,No,No,15
38,Friday,2024-11-22,Rainy,13:03,No,No,No,13
13,Saturday,2024-06-01,Rainy,12:51,No,Yes,No,12
36,Thursday,2024-01-04,Rainy,20:12,No,No,No,20
31,Sunday,2024-03-03,Sunny,20:55,No,Yes,No,20
6,Wednesday,2024-03-20,Rainy,09:18,Yes,No,No,9
16,Monday,2024-12-16,Sunny,14:24,No,No,No,14
22,Sunday,2024-07-14,Rainy,10:31,No,Yes,No,10
45,Sunday,2024-09-08,Sunny,11:36,No,Yes,No,11
12,Thursday,2024-10-31,Sunny,18:40,Yes,No,No,18
29,Sunday,2024-07-07,Sunny,12:38,No,Yes,No,12
12,Monday,2024-12-30,Sunny,09:19,Yes,No,No,9
7,Sunday,2024-07-07,Sunny,19:45,Yes,Yes,No,19
9,Monday,2024-08-12,Rainy,13:39,No,No,No,13
24,Thursday,2024-12-26,Rainy,14:18,No,No,No,14
14,Friday,2024-01-05,Rainy,14:33,No,No,No,14
34,Wednesday,2024-10-16,Rainy,09:07,Yes,No,No,9
30,Wednesday,2024-09-25,Sunny,09:59,Yes,No,No,9
43,Thursday,2024-06-20,Sunny,10:48,No,No,No,10
1,Wednesday,2024-07-10,Sunny,15:12,No,No,No,15
3,Saturday,2024-05-04,Rainy,16:06,Yes,Yes,No,16
19,Thursday,2024-04-11,Sunny,18:16,Yes,No,No,18
2,Wednesday,2024-07-03,Sunny,21:29,No,No,No,21
15,Friday,2024-10-25,Sunny,06:17,Yes,No,No,6
22,Tuesday,2024-12-24,Rainy,13:05,No,No,No,13
1,Wednesday,2024-01-17,Rainy,21:07,No,No,No,21
36,Thursday,2024-01-25,Sunny,17:52,Yes,No,No,17
13,Friday,2024-11-15,Sunny,16:03,Yes,No,No,16
32,Thursday,2024-06-20,Rainy,14:58,No,No,No,14
38,Friday,2024-02-02,Rainy,10:52,No,No,No,10
23,Thursday,2024-09-12,Rainy,22:46,No,No,No,22
22,Wednesday,2024-05-01,Sunny,15:46,No,No,Yes,15
28,Monday,2024-03-18,Sunny,06:44,Yes,No,No,6
4,Friday,2024-05-31,Rainy,07:19,Yes,No,No,7
2,Saturday,2024-08-17,Sunny,21:08,No,Yes,No,21
8,Tuesday,2024-06-18,Rainy,20:44,No,No,No,20
49,Sunday,2024-11-24,Sunny,05:31,No,Yes,No,5
49,Saturday,2024-02-17,Rainy,10:47,No,Yes,No,10
19,Friday,2024-07-05,Sunny,13:47,No,No,No,13
43,Saturday,2024-03-09,Rainy,07:31,Yes,Yes,No,7
49,Sunday,2024-11-17,Sunny,17:48,Yes,Yes,No,17
1,Tuesday,2024-10-08,Rainy,05:12,No,No,No,5
38,Friday,2024-12-06,Rainy,16:44,Yes,No,No,16
34,Friday,2024-04-26,Rainy,19:30,Yes,No,No,19
49,Friday,2024-04-19,Sunny,18:44,Yes,No,No,18
15,Tuesday,2024-01-02,Sunny,07:14,Yes,No,No,7
8,Thursday,2024-04-04,Rainy,14:49,No,No,No,14
22,Monday,2024-08-05,Rainy,19:33,Yes,No,No,19
23,Sunday,2024-05-19,Rainy,09:52,Yes,Yes,No,9
50,Thursday,2024-01-11,Sunny,19:00,Yes,No,No,19
19,Saturday,2024-06-29,Rainy,05:20,No,Yes,No,5
49,Friday,2024-01-12,Sunny,15:34,No,No,No,15
38,Monday,2024-07-01,Rainy,22:17,No,No,No,22
23,Sunday,2024-08-18,Rainy,11:10,No,Yes,No,11
48,Tuesday,2024-02-06,Sunny,14:32,No,No,No,14
2,Monday,2024-03-18,Rainy,14:27,No,No,No,14
21,Tuesday,2024-11-05,Rainy,19:04,Yes,No,No,19
44,Thursday,2024-02-29,Sunny,10:59,No,No,No,10
28,Wednesday,2024-10-16,Sunny,13:04,No,No,No,13
10,Saturday,2024-01-13,Rainy,06:02,Yes,Yes,No,6
40,Sunday,2024-05-26,Rainy,12:24,No,Yes,No,12
47,Wednesday,2024-09-04,Rainy,05:26,No,No,No,5
28,Saturday,2024-11-30,Rainy,07:45,Yes,Yes,No,7
11,Friday,2024-05-24,Rainy,14:50,No,No,No,14
21,Friday,2024-11-08,Sunny,05:30,No,No,No,5
44,Monday,2024-11-18,Rainy,13:39,No,No,No,13
32,Tuesday,2024-10-08,Rainy,14:08,No,No,No,14
45,Friday,2024-05-10,Rainy,14:38,No,No,No,14
19,Monday,2024-05-27,Sunny,12:16,No,No,No,12
39,Monday,2024-01-15,Sunny,15:27,No,No,No,15
35,Wednesday,2024-06-05,Sunny,11:21,No,No,No,11
14,Thursday,2024-08-29,Sunny,13:40,No,No,No,13
50,Sunday,2024-08-18,Rainy,13:13,No,Yes,No,13
42,Saturday,2024-08-10,Rainy,13:08,No,Yes,No,13
34,Monday,2024-01-01,Rainy,22:45,No,No,Yes,22
47,Thursday,2024-05-09,Rainy,06:48,Yes,No,No,6
12,Saturday,2024-04-06,Sunny,19:57,Yes,Yes,No,19
14,Friday,2024-11-29,Rainy,08:14,Yes,No,No,8
32,Saturday,2024-06-15,Rainy,22:10,No,Yes,No,22
29,Friday,2024-08-02,Rainy,08:36,Yes,No,No,8
37,Friday,2024-10-25,Sunny,10:35,No,No,No,10
15,Saturday,2024-03-30,Rainy,18:14,Yes,Yes,No,18
41,Friday,2024-04-19,Sunny,06:51,Yes,No,No,6
48,Wednesday,2024-06-05,Sunny,07:03,Yes,No,No,7
30,Friday,2024-06-07,Sunny,19:27,Yes,No,No,19
9,Friday,2024-01-12,Sunny,08:13,Yes,No,No,8
4,Tuesday,2024-10-29,Sunny,06:59,Yes,No,No,6
10,Friday,2024-03-08,Sunny,15:26,No,No,No,15
6,Friday,2024-07-05,Sunny,18:52,Yes,No,No,18
12,Wednesday,2024-10-16,Sunny,13:14,No,No,No,13
46,Tuesday,2024-06-04,Sunny,21:47,No,No,No,21
33,Sunday,2024-12-01,Sunny,08:22,Yes,Yes,No,8
44,Wednesday,2024-06-19,Rainy,07:58,Yes,No,No,7
46,Sunday,2024-06-23,Rainy,10:40,No,Yes,No,10
6,Wednesday,2024-06-05,Rainy,18:23,Yes,No,No,18
33,Saturday,2024-06-15,Sunny,08:13,Yes,Yes,No,8
9,Friday,2024-05-31,Rainy,06:09,Yes,No,No,6
30,Tuesday,2024-04-30,Rainy,17:20,Yes,No,No,17
3,Monday,2024-09-16,Rainy,09:10,Yes,No,No,9
3,Tuesday,2024-10-29,Rainy,06:47,Yes,No,No,6
29,Wednesday,2024-10-23,Sunny,16:32,Yes,No,No,16
24,Saturday,2024-08-10,Sunny,19:56,Yes,Yes,No,19
15,Saturday,2024-04-20,Sunny,16:50,Yes,Yes,No,16
8,Wednesday,2024-09-11,Sunny,22:26,No,No,No,22
10,Saturday,2024-02-24,Sunny,07:13,Yes,Yes,No,7
24,Monday,2024-09-02,Sunny,14:51,No,No,No,14
24,Saturday,2024-11-23,Sunny,07:15,Yes,Yes,No,7
38,Saturday,2024-08-03,Rainy,11:05,No,Yes,No,11
31,Thursday,2024-09-05,Rainy,17:47,Yes,No,No,17
25,Sunday,2024-11-24,Rainy,12:01,No,Yes,No,12
31,Friday,2024-07-05,Sunny,06:32,Yes,No,No,6
39,Friday,2024-07-19,Rainy,12:34,No,No,No,12
15,Friday,2024-09-06,Sunny,19:19,Yes,No,No,19
6,Tuesday,2024-04-16,Rainy,22:27,No,No,No,22
23,Friday,2024-06-21,Rainy,10:18,No,No,No,10
27,Tuesday,2024-11-19,Sunny,17:16,Yes,No,No,17
13,Wednesday,2024-03-27,Rainy,17:21,Yes,No,No,17
26,Thursday,2024-09-19,Sunny,05:50,No,No,No,5
29,Friday,2024-08-23,Rainy,10:31,No,No,No,10
26,Wednesday,2024-08-21,Rainy,11:15,No,No,No,11
19,Sunday,2024-12-08,Sunny,15:50,No,Yes,No,15
41,Monday,2024-09-16,Rainy,14:34,No,No,No,14
31,Saturday,2024-07-27,Rainy,14:20,No,Yes,No,14
47,Wednesday,2024-10-02,Sunny,19:08,Yes,No,No,19
3,Friday,2024-08-16,Rainy,09:41,Yes,No,No,9
46,Tuesday,2024-08-27,Rainy,06:35,Yes,No,No,6
21,Sunday,2024-01-14,Rainy,20:14,No,Yes,No,20
28,Friday,2024-12-20,Rainy,16:56,Yes,No,No,16
37,Saturday,2024-11-02,Sunny,16:57,Yes,Yes,No,16
21,Thursday,2024-06-20,Sunny,19:29,Yes,No,No,19
25,Thursday,2024-10-24,Rainy,22:55,No,No,No,22
10,Sunday,2024-06-23,Rainy,10:28,No,Yes,No,10
41,Friday,2024-01-12,Sunny,19:45,Yes,No,No,19
14,Saturday,2024-11-30,Rainy,21:16,No,Yes,No,21
22,Thursday,2024-06-13,Rainy,07:57,Yes,No,No,7
13,Tuesday,2024-11-05,Sunny,20:12,No,No,No,20
36,Saturday,2024-12-14,Rainy,12:46,No,Yes,No,12
17,Saturday,2024-03-02,Rainy,18:14,Yes,Yes,No,18
25,Tuesday,2024-11-26,Rainy,21:32,No,No,No,21
42,Sunday,2024-04-21,Sunny,12:57,No,Yes,No,12
8,Thursday,2024-03-14,Rainy,12:41,No,No,No,12
5,Saturday,2024-10-19,Sunny,21:42,No,Yes,No,21
46,Saturday,2024-08-17,Sunny,13:16,No,Yes,No,13
25,Wednesday,2024-06-12,Rainy,20:28,No,No,No,20
17,Thursday,2024-03-07,Sunny,20:01,No,No,No,20
21,Tuesday,2024-01-09,Sunny,18:04,Yes,No,No,18
42,Tuesday,2024-10-29,Rainy,12:39,No,No,No,12
33,Friday,2024-10-11,Sunny,18:21,Yes,No,No,18
21,Sunday,2024-05-19,Rainy,22:44,No,Yes,No,22
31,Saturday,2024-10-19,Rainy,09:37,Yes,Yes,No,9
30,Saturday,2024-10-26,Sunny,17:58,Yes,Yes,No,17
19,Tuesday,2024-03-26,Rainy,16:11,Yes,No,No,16
22,Thursday,2024-08-08,Rainy,10:11,No,No,No,10
29,Tuesday,2024-10-22,Rainy,17:04,Yes,No,No,17
47,Thursday,2024-10-10,Rainy,15:27,No,No,No,15
20,Sunday,2024-07-28,Rainy,13:16,No,Yes,No,13
29,Thursday,2024-08-08,Rainy,14:40,No,No,No,14
42,Wednesday,2024-06-05,Rainy,22:28,No,No,No,22
15,Friday,2024-03-29,Sunny,15:27,No,No,No,15
34,Tuesday,2024-04-30,Rainy,11:15,No,No,No,11
23,Monday,2024-08-19,Rainy,16:17,Yes,No,No,16
28,Friday,2024-03-01,Rainy,07:06,Yes,No,No,7
9,Sunday,2024-08-25,Sunny,22:25,No,Yes,No,22
18,Tuesday,2024-07-16,Sunny,22:25,No,No,No,22
30,Saturday,2024-06-29,Rainy,13:54,No,Yes,No,13
16,Monday,2024-09-30,Rainy,07:19,Yes,No,No,7
45,Saturday,2024-12-07,Rainy,11:56,No,Yes,No,11
40,Saturday,2024-05-18,Rainy,20:06,No,Yes,No,20
40,Monday,2024-03-25,Rainy,22:17,No,No,No,22
9,Wednesday,2024-10-02,Sunny,19:23,Yes,No,No,19
46,Saturday,2024-03-23,Rainy,05:15,No,Yes,No,5
19,Friday,2024-02-02,Sunny,13:55,No,No,No,13
8,Wednesday,2024-06-12,Rainy,11:43,No,No,No,11
42,Thursday,2024-03-28,Rainy,22:38,No,No,No,22
28,Saturday,2024-10-19,Sunny,10:41,No,Yes,No,10
39,Friday,2024-12-06,Rainy,20:59,No,No,No,20
16,Friday,2024-04-05,Sunny,20:33,No,No,No,20
37,Tuesday,2024-06-04,Rainy,06:29,Yes,No,No,6
33,Saturday,2024-06-15,Sunny,20:36,No,Yes,No,20
45,Friday,2024-02-02,Sunny,07:07,Yes,No,No,7
22,Sunday,2024-07-28,Rainy,19:31,Yes,Yes,No,19
4,Thursday,2024-05-09,Rainy,11:26,No,No,No,11
6,Monday,2024-07-29,Rainy,07:02,Yes,No,No,7
9,Monday,2024-01-01,Rainy,09:44,Yes,No,Yes,9
49,Thursday,2024-06-06,Sunny,22:01,No,No,No,22
37,Saturday,2024-09-14,Sunny,21:50,No,Yes,No,21
50,Thursday,2024-08-08,Sunny,13:11,No,No,No,13
22,Saturday,2024-01-06,Sunny,20:06,No,Yes,No,20
50,Saturday,2024-07-06,Sunny,11:42,No,Yes,No,11
9,Monday,2024-06-24,Sunny,11:02,No,No,No,11
13,Sunday,2024-02-25,Sunny,06:09,Yes,Yes,No,6
49,Tuesday,2024-04-02,Rainy,05:47,No,No,No,5
14,Wednesday,2024-10-23,Sunny,08:59,Yes,No,No,8
6,Tuesday,2024-01-02,Sunny,11:17,No,No,No,11
15,Saturday,2024-10-26,Sunny,17:18,Yes,Yes,No,17
38,Saturday,2024-03-23,Sunny,20:40,No,Yes,No,20
12,Tuesday,2024-04-23,Sunny,08:10,Yes,No,No,8
12,Wednesday,2024-06-05,Sunny,15:45,No,No,No,15
16,Friday,2024-02-23,Rainy,19:23,Yes,No,No,19
39,Friday,2024-10-04,Sunny,08:05,Yes,No,No,8
15,Wednesday,2024-05-08,Rainy,20:49,No,No,No,20
24,Saturday,2024-12-14,Sunny,10:51,No,Yes,No,10
0,Friday,2024-12-27,Rainy,16:07,Yes,No,No,16
48,Saturday,2024-06-22,Rainy,18:25,Yes,Yes,No,18
30,Monday,2024-01-15,Sunny,22:55,No,No,No,22
12,Saturday,2024-08-17,Sunny,12:23,No,Yes,No,12
6,Tuesday,2024-10-29,Sunny,20:13,No,No,No,20
18,Saturday,2024-02-10,Rainy,05:17,No,Yes,No,5
32,Monday,2024-09-30,Sunny,21:33,No,No,No,21
13,Sunday,2024-05-26,Sunny,13:24,No,Yes,No,13
46,Tuesday,2024-11-05,Rainy,08:33,Yes,No,No,8
33,Saturday,2024-09-28,Rainy,13:57,No,Yes,No,13
7,Monday,2024-06-10,Sunny,18:54,Yes,No,No,18
39,Sunday,2024-02-25,Rainy,22:34,No,Yes,No,22
11,Wednesday,2024-06-05,Sunny,12:14,No,No,No,12
6,Thursday,2024-01-04,Sunny,14:06,No,No,No,14
29,Sunday,2024-02-18,Rainy,16:02,Yes,Yes,No,16
48,Tuesday,2024-12-17,Sunny,14:23,No,No,No,14
31,Thursday,2024-08-08,Rainy,09:30,Yes,No,No,9
46,Sunday,2024-10-20,Rainy,16:49,Yes,Yes,No,16
8,Thursday,2024-01-11,Rainy,16:42,Yes,No,No,16
20,Sunday,2024-07-28,Sunny,14:19,No,Yes,No,14
43,Friday,2024-05-03,Rainy,18:43,Yes,No,No,18
20,Monday,2024-01-01,Rainy,05:24,No,No,Yes,5
9,Friday,2024-09-27,Sunny,10:28,No,No,No,10
48,Tuesday,2024-10-22,Sunny,12:45,No,No,No,12
10,Monday,2024-11-11,Rainy,15:16,No,No,No,15
23,Thursday,2024-09-26,Sunny,09:05,Yes,No,No,9
14,Tuesday,2024-12-17,Sunny,05:42,No,No,No,5
13,Thursday,2024-03-21,Rainy,21:43,No,No,No,21
14,Saturday,2024-11-30,Rainy,06:53,Yes,Yes,No,6
30,Saturday,2024-09-21,Rainy,22:29,No,Yes,No,22
24,Friday,2024-01-26,Rainy,06:44,Yes,No,No,6
15,Saturday,2024-11-02,Sunny,14:18,No,Yes,No,14
42,Thursday,2024-06-27,Rainy,21:07,No,No,No,21
7,Tuesday,2024-05-21,Sunny,17:48,Yes,No,No,17
50,Tuesday,2024-03-05,Sunny,06:10,Yes,No,No,6
10,Wednesday,2024-08-14,Sunny,10:14,No,No,No,10
32,Sunday,2024-10-20,Sunny,06:47,Yes,Yes,No,6
30,Friday,2024-04-19,Rainy,15:49,No,No,No,15
13,Thursday,2024-10-10,Sunny,06:17,Yes,No,No,6
36,Sunday,2024-02-25,Rainy,12:21,No,Yes,No,12
40,Wednesday,2024-04-17,Sunny,16:35,Yes,No,No,16
43,Saturday,2024-02-10,Rainy,17:02,Yes,Yes,No,17
18,Sunday,2024-10-06,Sunny,09:17,Yes,Yes,No,9
36,Wednesday,2024-12-11,Sunny,16:47,Yes,No,No,16
3,Saturday,2024-11-30,Sunny,06:33,Yes,Yes,No,6
29,Friday,2024-11-01,Rainy,15:03,No,No,No,15
34,Tuesday,2024-04-09,Rainy,17:39,Yes,No,No,17
21,Friday,2024-05-17,Rainy,21:17,No,No,No,21
31,Sunday,2024-08-18,Sunny,11:49,No,Yes,No,11
19,Sunday,2024-03-03,Sunny,13:00,No,Yes,No,13
14,Sunday,2024-11-17,Sunny,18:48,Yes,Yes,No,18
2,Wednesday,2024-12-04,Rainy,05:05,No,No,No,5
15,Sunday,2024-12-08,Rainy,13:34,No,Yes,No,13
22,Wednesday,2024-01-17,Sunny,12:58,No,No,No,12
5,Monday,2024-08-12,Sunny,11:42,No,No,No,11
39,Saturday,2024-06-15,Sunny,22:13,No,Yes,No,22
43,Friday,2024-07-12,Rainy,21:30,No,No,No,21
7,Sunday,2024-01-07,Sunny,10:25,No,Yes,No,10
14,Tuesday,2024-02-13,Sunny,14:27,No,No,No,14
0,Saturday,2024-04-13,Rainy,10:15,No,Yes,No,10
0,Saturday,2024-08-10,Sunny,22:44,No,Yes,No,22
47,Saturday,2024-04-06,Sunny,13:47,No,Yes,No,13
38,Thursday,2024-02-15,Rainy,07:49,Yes,No,No,7
40,Friday,2024-11-15,Rainy,09:18,Yes,No,No,9
0,Thursday,2024-10-31,Sunny,10:56,No,No,No,10
17,Thursday,2024-01-04,Rainy,19:15,Yes,No,No,19
13,Friday,2024-03-08,Rainy,08:17,Yes,No,No,8
22,Sunday,2024-02-11,Rainy,14:02,No,Yes,No,14
38,Sunday,2024-12-29,Sunny,11:17,No,Yes,No,11
50,Saturday,2024-04-27,Sunny,12:12,No,Yes,No,12
25,Tuesday,2024-01-30,Rainy,22:54,No,No,No,22
23,Friday,2024-05-10,Sunny,14:52,No,No,No,14
33,Thursday,2024-11-14,Rainy,05:52,No,No,No,5
6,Thursday,2024-09-05,Rainy,17:48,Yes,No,No,17
32,Saturday,2024-11-16,Rainy,11:27,No,Yes,No,11
36,Monday,2024-10-21,Sunny,06:41,Yes,No,No,6
7,Thursday,2024-02-15,Sunny,10:50,No,No,No,10
46,Friday,2024-01-19,Rainy,10:47,No,No,No,10
48,Saturday,2024-06-15,Sunny,08:09,Yes,Yes,No,8
32,Tuesday,2024-06-25,Rainy,20:09,No,No,No,20
29,Thursday,2024-08-15,Sunny,15:44,No,No,No,15
20,Sunday,2024-08-11,Sunny,06:53,Yes,Yes,No,6
35,Tuesday,2024-05-28,Sunny,20:48,No,No,No,20
46,Monday,2024-02-19,Rainy,07:19,Yes,No,No,7
15,Saturday,2024-03-30,Rainy,06:52,Yes,Yes,No,6
15,Friday,2024-06-07,Rainy,15:15,No,No,No,15
44,Friday,2024-04-05,Rainy,16:50,Yes,No,No,16
40,Saturday,2024-02-03,Rainy,20:33,No,Yes,No,20
20,Sunday,2024-04-28,Rainy,15:27,No,Yes,No,15
4,Monday,2024-10-28,Rainy,13:02,No,No,No,13
31,Monday,2024-12-02,Rainy,11:03,No,No,No,11
40,Friday,2024-07-05,Rainy,09:58,Yes,No,No,9
7,Tuesday,2024-09-10,Sunny,10:32,No,No,No,10
33,Saturday,2024-04-13,Rainy,21:00,No,Yes,No,21
39,Monday,2024-02-12,Rainy,18:59,Yes,No,No,18
6,Sunday,2024-07-14,Sunny,18:51,Yes,Yes,No,18
42,Thursday,2024-06-13,Rainy,07:27,Yes,No,No,7
10,Monday,2024-05-13,Sunny,16:14,Yes,No,No,16
44,Thursday,2024-08-08,Sunny,05:04,No,No,No,5
50,Tuesday,2024-05-28,Sunny,21:40,No,No,No,21
22,Wednesday,2024-02-14,Rainy,14:48,No,No,No,14
0,Sunday,2024-04-07,Sunny,17:01,Yes,Yes,Yes,17
32,Wednesday,2024-04-24,Sunny,18:49,Yes,No,No,18
2,Thursday,2024-06-27,Rainy,21:16,No,No,No,21
34,Tuesday,2024-03-19,Sunny,21:58,No,No,No,21
50,Saturday,2024-11-30,Sunny,14:44,No,Yes,No,14
45,Saturday,2024-01-06,Rainy,07:11,Yes,Yes,No,7
8,Monday,2024-03-11,Rainy,14:29,No,No,No,14
50,Tuesday,2024-06-25,Sunny,16:24,Yes,No,No,16
16,Saturday,2024-02-10,Rainy,22:11,No,Yes,No,22
13,Friday,2024-10-11,Sunny,09:13,Yes,No,No,9
3,Monday,2024-04-01,Sunny,18:01,Yes,No,No,18
36,Thursday,2024-01-18,Rainy,08:34,Yes,No,No,8
43,Thursday,2024-07-18,Rainy,20:16,No,No,No,20
39,Sunday,2024-05-19,Sunny,12:58,No,Yes,No,12
50,Monday,2024-05-27,Rainy,19:07,Yes,No,No,19
13,Monday,2024-07-15,Rainy,22:02,No,No,No,22
25,Saturday,2024-05-25,Rainy,12:27,No,Yes,No,12
19,Monday,2024-06-10,Sunny,14:57,No,No,No,14
42,Tuesday,2024-11-19,Sunny,05:58,No,No,No,5
36,Wednesday,2024-10-23,Rainy,05:18,No,No,No,5
36,Sunday,2024-11-24,Sunny,12:10,No,Yes,No,12
35,Monday,2024-06-03,Rainy,22:54,No,No,No,22
37,Saturday,2024-02-24,Rainy,06:30,Yes,Yes,No,6
41,Thursday,2024-10-17,Sunny,10:36,No,No,No,10
28,Monday,2024-01-22,Sunny,07:00,Yes,No,No,7
42,Tuesday,2024-10-15,Rainy,07:21,Yes,No,No,7
26,Saturday,2024-12-14,Sunny,07:11,Yes,Yes,No,7
22,Thursday,2024-04-04,Rainy,18:41,Yes,No,No,18
26,Thursday,2024-12-05,Sunny,15:08,No,No,No,15
4,Saturday,2024-09-07,Sunny,09:04,Yes,Yes,No,9
42,Saturday,2024-12-21,Rainy,16:34,Yes,Yes,No,16
28,Friday,2024-08-30,Sunny,16:58,Yes,No,No,16
39,Tuesday,2024-01-23,Rainy,14:03,No,No,No,14
19,Tuesday,2024-12-24,Sunny,17:12,Yes,No,No,17
27,Saturday,2024-07-06,Sunny,13:59,No,Yes,No,13
28,Sunday,2024-11-10,Rainy,07:05,Yes,Yes,No,7
13,Monday,2024-02-05,Rainy,19:47,Yes,No,No,19
7,Saturday,2024-12-28,Rainy,12:36,No,Yes,No,12
25,Wednesday,2024-06-26,Rainy,13:08,No,No,No,13
28,Sunday,2024-08-25,Sunny,17:17,Yes,Yes,No,17
1,Friday,2024-08-02,Rainy,21:40,No,No,No,21
26,Saturday,2024-09-14,Rainy,06:51,Yes,Yes,No,6
33,Monday,2024-12-30,Rainy,11:31,No,No,No,11
50,Friday,2024-04-05,Rainy,18:03,Yes,No,No,18
22,Tuesday,2024-09-03,Sunny,12:55,No,No,No,12
45,Saturday,2024-11-30,Sunny,13:48,No,Yes,No,13
31,Monday,2024-05-13,Rainy,07:50,Yes,No,No,7
14,Friday,2024-01-05,Sunny,07:18,Yes,No,No,7
43,Thursday,2024-10-24,Rainy,10:56,No,No,No,10
41,Monday,2024-08-19,Sunny,05:16,No,No,No,5
3,Friday,2024-09-06,Rainy,11:18,No,No,No,11
44,Monday,2024-06-03,Rainy,20:33,No,No,No,20
48,Saturday,2024-10-19,Rainy,19:42,Yes,Yes,No,19
2,Friday,2024-07-19,Rainy,06:34,Yes,No,No,6
36,Sunday,2024-03-31,Rainy,17:46,Yes,Yes,No,17
26,Thursday,2024-01-04,Rainy,15:48,No,No,No,15
22,Sunday,2024-02-11,Rainy,20:52,No,Yes,No,20
10,Wednesday,2024-06-19,Rainy,14:03,No,No,No,14
22,Wednesday,2024-11-06,Rainy,20:41,No,No,No,20
15,Sunday,2024-07-28,Rainy,19:30,Yes,Yes,No,19
32,Thursday,2024-03-07,Rainy,10:24,No,No,No,10
41,Tuesday,2024-05-14,Sunny,14:09,No,No,No,14
45,Wednesday,2024-03-27,Sunny,20:18,No,No,No,20
18,Monday,2024-09-02,Rainy,12:36,No,No,No,12
6,Monday,2024-01-01,Sunny,13:41,No,No,Yes,13
35,Thursday,2024-12-19,Sunny,09:43,Yes,No,No,9
11,Friday,2024-08-23,Rainy,15:01,No,No,No,15
32,Wednesday,2024-01-24,Sunny,20:11,No,No,No,20
42,Thursday,2024-06-06,Sunny,09:58,Yes,No,No,9
43,Sunday,2024-01-21,Rainy,15:05,No,Yes,No,15
21,Wednesday,2024-02-28,Rainy,19:56,Yes,No,No,19
23,Monday,2024-03-25,Rainy,06:26,Yes,No,No,6
44,Wednesday,2024-03-06,Sunny,06:58,Yes,No,No,6
24,Wednesday,2024-06-12,Rainy,14:23,No,No,No,14
40,Sunday,2024-11-24,Sunny,08:58,Yes,Yes,No,8
17,Friday,2024-03-01,Sunny,09:32,Yes,No,No,9
35,Sunday,2024-03-31,Sunny,09:27,Yes,Yes,No,9
13,Saturday,2024-01-27,Sunny,21:22,No,Yes,No,21
3,Sunday,2024-04-21,Sunny,18:04,Yes,Yes,No,18
33,Friday,2024-03-08,Sunny,05:43,No,No,No,5
43,Monday,2024-06-24,Sunny,14:10,No,No,No,14
19,Friday,2024-05-03,Sunny,18:18,Yes,No,No,18
6,Monday,2024-08-19,Rainy,19:17,Yes,No,No,19
40,Thursday,2024-04-11,Sunny,22:41,No,No,No,22
7,Thursday,2024-05-02,Rainy,17:48,Yes,No,No,17
17,Thursday,2024-08-22,Rainy,18:11,Yes,No,No,18
47,Sunday,2024-10-06,Rainy,05:44,No,Yes,No,5
35,Monday,2024-07-29,Rainy,06:58,Yes,No,No,6
18,Tuesday,2024-11-12,Rainy,16:13,Yes,No,No,16
7,Monday,2024-01-29,Sunny,18:46,Yes,No,No,18
36,Monday,2024-09-23,Sunny,21:29,No,No,No,21
14,Wednesday,2024-03-13,Sunny,18:03,Yes,No,No,18
6,Thursday,2024-01-04,Rainy,21:44,No,No,No,21
14,Tuesday,2024-01-23,Sunny,09:39,Yes,No,No,9
38,Thursday,2024-11-28,Rainy,20:50,No,No,No,20
48,Saturday,2024-11-30,Rainy,06:55,Yes,Yes,No,6
44,Sunday,2024-11-03,Rainy,13:55,No,Yes,No,13
9,Tuesday,2024-07-02,Rainy,10:36,No,No,No,10
8,Friday,2024-05-10,Sunny,12:22,No,No,No,12
46,Thursday,2024-09-05,Sunny,15:29,No,No,No,15
44,Friday,2024-03-01,Rainy,08:56,Yes,No,No,8
32,Saturday,2024-11-23,Rainy,18:07,Yes,Yes,No,18
14,Tuesday,2024-07-02,Sunny,07:55,Yes,No,No,7
40,Thursday,2024-07-04,Sunny,07:40,Yes,No,No,7
10,Wednesday,2024-04-10,Rainy,17:29,Yes,No,No,17
31,Thursday,2024-12-19,Rainy,14:29,No,No,No,14
50,Friday,2024-01-12,Sunny,21:49,No,No,No,21
35,Wednesday,2024-08-07,Sunny,06:01,Yes,No,No,6
39,Monday,2024-05-20,Sunny,07:04,Yes,No,No,7
2,Wednesday,2024-01-10,Rainy,09:08,Yes,No,No,9
13,Sunday,2024-12-22,Sunny,07:16,Yes,Yes,No,7
21,Sunday,2024-10-27,Rainy,05:03,No,Yes,No,5
47,Wednesday,2024-07-24,Rainy,20:19,No,No,No,20
2,Sunday,2024-08-18,Sunny,08:45,Yes,Yes,No,8
34,Saturday,2024-12-14,Sunny,05:40,No,Yes,No,5
26,Friday,2024-04-05,Sunny,14:32,No,No,No,14
5,Thursday,2024-09-12,Rainy,18:51,Yes,No,No,18
16,Friday,2024-12-20,Sunny,21:12,No,No,No,21
16,Wednesday,2024-10-02,Sunny,08:18,Yes,No,No,8
3,Sunday,2024-03-10,Sunny,08:56,Yes,Yes,No,8
49,Saturday,2024-06-08,Sunny,06:49,Yes,Yes,No,6
40,Friday,2024-12-13,Sunny,17:14,Yes,No,No,17
26,Friday,2024-12-13,Rainy,16:05,Yes,No,No,16
41,Thursday,2024-01-11,Sunny,06:20,Yes,No,No,6
48,Thursday,2024-10-10,Rainy,15:09,No,No,No,15
6,Monday,2024-02-26,Sunny,09:13,Yes,No,No,9
45,Tuesday,2024-11-26,Sunny,12:31,No,No,No,12
35,Thursday,2024-10-10,Rainy,11:52,No,No,No,11
11,Friday,2024-10-04,Rainy,10:47,No,No,No,10
12,Thursday,2024-06-27,Rainy,11:06,No,No,No,11
13,Friday,2024-08-16,Sunny,05:46,No,No,No,5
5,Monday,2024-09-23,Rainy,08:09,Yes,No,No,8
17,Saturday,2024-10-05,Rainy,16:15,Yes,Yes,No,16
0,Friday,2024-01-05,Sunny,16:33,Yes,No,No,16
36,Monday,2024-04-15,Rainy,07:10,Yes,No,No,7
14,Tuesday,2024-05-21,Rainy,15:55,No,No,No,15
6,Friday,2024-08-16,Sunny,15:20,No,No,No,15
8,Wednesday,2024-06-12,Rainy,22:47,No,No,No,22
14,Tuesday,2024-07-16,Sunny,19:05,Yes,No,No,19
41,Saturday,2024-10-05,Sunny,06:01,Yes,Yes,No,6
7,Wednesday,2024-08-28,Rainy,14:18,No,No,No,14
50,Sunday,2024-06-16,Sunny,09:04,Yes,Yes,No,9
46,Thursday,2024-02-29,Rainy,10:29,No,No,No,10
17,Sunday,2024-10-27,Rainy,15:58,No,Yes,No,15
6,Friday,2024-10-11,Sunny,15:09,No,No,No,15
9,Monday,2024-05-13,Sunny,09:08,Yes,No,No,9
16,Friday,2024-04-05,Rainy,05:43,No,No,No,5
32,Wednesday,2024-10-23,Sunny,21:42,No,No,No,21
24,Thursday,2024-09-26,Rainy,08:50,Yes,No,No,8
1,Monday,2024-07-01,Rainy,10:35,No,No,No,10
41,Friday,2024-11-29,Rainy,16:46,Yes,No,No,16
19,Thursday,2024-09-12,Sunny,19:46,Yes,No,No,19
18,Sunday,2024-09-08,Sunny,06:04,Yes,Yes,No,6
38,Tuesday,2024-10-01,Rainy,19:46,Yes,No,No,19
42,Wednesday,2024-03-06,Sunny,05:15,No,No,No,5
13,Wednesday,2024-11-27,Sunny,14:04,No,No,No,14
24,Tuesday,2024-03-26,Sunny,19:23,Yes,No,No,19
11,Thursday,2024-12-05,Sunny,13:55,No,No,No,13
23,Thursday,2024-05-16,Rainy,19:12,Yes,No,No,19
34,Thursday,2024-10-10,Sunny,22:31,No,No,No,22
50,Wednesday,2024-11-06,Rainy,11:04,No,No,No,11
50,Thursday,2024-08-22,Sunny,17:08,Yes,No,No,17
31,Friday,2024-04-05,Sunny,17:41,Yes,No,No,17
39,Tuesday,2024-11-19,Rainy,16:27,Yes,No,No,16
28,Saturday,2024-06-29,Rainy,17:41,Yes,Yes,No,17
5,Monday,2024-02-05,Rainy,18:56,Yes,No,No,18
36,Friday,2024-03-01,Sunny,19:47,Yes,No,No,19
39,Thursday,2024-02-15,Sunny,20:38,No,No,No,20
47,Sunday,2024-05-12,Sunny,10:34,No,Yes,No,10
48,Saturday,2024-12-07,Sunny,20:22,No,Yes,No,20
8,Sunday,2024-11-03,Rainy,09:13,Yes,Yes,No,9
41,Thursday,2024-06-13,Rainy,06:04,Yes,No,No,6
21,Saturday,2024-09-28,Rainy,22:31,No,Yes,No,22
29,Friday,2024-10-18,Rainy,09:51,Yes,No,No,9
5,Sunday,2024-03-31,Rainy,19:30,Yes,Yes,No,19
41,Saturday,2024-02-17,Sunny,21:04,No,Yes,No,21
17,Sunday,2024-06-09,Sunny,07:36,Yes,Yes,No,7
42,Friday,2024-12-20,Rainy,06:01,Yes,No,No,6
26,Friday,2024-06-07,Sunny,14:36,No,No,No,14
3,Friday,2024-08-30,Sunny,09:33,Yes,No,No,9
18,Sunday,2024-03-10,Rainy,19:17,Yes,Yes,No,19
8,Wednesday,2024-05-01,Sunny,15:28,No,No,Yes,15
12,Monday,2024-12-30,Rainy,12:34,No,No,No,12
29,Tuesday,2024-06-04,Rainy,20:16,No,No,No,20
45,Friday,2024-03-15,Rainy,11:59,No,No,No,11
37,Tuesday,2024-04-02,Sunny,15:32,No,No,No,15
30,Tuesday,2024-08-20,Rainy,16:14,Yes,No,No,16
29,Sunday,2024-02-04,Sunny,05:31,No,Yes,No,5
33,Monday,2024-08-26,Rainy,06:39,Yes,No,No,6
33,Thursday,2024-05-16,Sunny,05:38,No,No,No,5
32,Monday,2024-01-08,Rainy,09:09,Yes,No,No,9
46,Sunday,2024-08-11,Sunny,17:24,Yes,Yes,No,17
20,Saturday,2024-11-30,Rainy,10:24,No,Yes,No,10
23,Friday,2024-11-08,Sunny,09:44,Yes,No,No,9
43,Wednesday,2024-09-11,Rainy,08:25,Yes,No,No,8
13,Monday,2024-05-20,Rainy,08:52,Yes,No,No,8
29,Tuesday,2024-02-20,Sunny,21:56,No,No,No,21
34,Saturday,2024-06-15,Rainy,17:06,Yes,Yes,No,17
7,Sunday,2024-12-29,Sunny,15:30,No,Yes,No,15
41,Wednesday,2024-02-07,Sunny,10:42,No,No,No,10
41,Monday,2024-07-15,Sunny,10:03,No,No,No,10
22,Saturday,2024-08-10,Rainy,12:57,No,Yes,No,12
32,Wednesday,2024-08-21,Rainy,08:42,Yes,No,No,8
25,Sunday,2024-06-30,Sunny,08:12,Yes,Yes,No,8
1,Friday,2024-06-07,Sunny,12:04,No,No,No,12
39,Friday,2024-12-06,Rainy,09:11,Yes,No,No,9
49,Thursday,2024-04-11,Sunny,07:47,Yes,No,No,7
21,Saturday,2024-06-22,Sunny,07:58,Yes,Yes,No,7
15,Wednesday,2024-03-13,Rainy,22:30,No,No,No,22
1,Tuesday,2024-04-02,Rainy,13:05,No,No,No,13
46,Saturday,2024-08-17,Sunny,09:18,Yes,Yes,No,9
30,Saturday,2024-07-13,Sunny,18:48,Yes,Yes,No,18
46,Thursday,2024-08-08,Sunny,10:21,No,No,No,10
11,Wednesday,2024-01-24,Rainy,20:50,No,No,No,20
46,Friday,2024-05-24,Sunny,20:22,No,No,No,20
28,Saturday,2024-11-16,Rainy,14:02,No,Yes,No,14
17,Friday,2024-04-12,Sunny,19:49,Yes,No,No,19
12,Wednesday,2024-12-25,Sunny,17:42,Yes,No,Yes,17
20,Friday,2024-08-30,Sunny,05:06,No,No,No,5
12,Tuesday,2024-04-30,Rainy,15:09,No,No,No,15
2,Wednesday,2024-07-31,Rainy,16:37,Yes,No,No,16
34,Thursday,2024-04-18,Sunny,14:15,No,No,No,14
40,Wednesday,2024-12-11,Sunny,21:09,No,No,No,21
49,Saturday,2024-10-19,Rainy,17:06,Yes,Yes,No,17
30,Thursday,2024-09-12,Rainy,18:56,Yes,No,No,18
41,Tuesday,2024-09-03,Rainy,21:46,No,No,No,21
43,Sunday,2024-10-13,Rainy,15:53,No,Yes,No,15
46,Sunday,2024-03-31,Sunny,05:48,No,Yes,No,5
27,Friday,2024-01-12,Sunny,20:05,No,No,No,20
48,Friday,2024-12-27,Sunny,16:12,Yes,No,No,16
29,Friday,2024-09-20,Sunny,10:07,No,No,No,10
32,Thursday,2024-10-03,Rainy,19:52,Yes,No,No,19
41,Thursday,2024-05-16,Sunny,07:34,Yes,No,No,7
35,Tuesday,2024-09-24,Sunny,05:31,No,No,No,5
12,Monday,2024-05-20,Rainy,11:08,No,No,No,11
22,Friday,2024-12-13,Sunny,16:58,Yes,No,No,16
44,Wednesday,2024-03-06,Rainy,06:41,Yes,No,No,6
8,Monday,2024-01-22,Sunny,19:32,Yes,No,No,19
6,Tuesday,2024-08-06,Rainy,16:23,Yes,No,No,16
25,Tuesday,2024-02-06,Rainy,21:05,No,No,No,21
41,Saturday,2024-11-23,Rainy,06:17,Yes,Yes,No,6
20,Wednesday,2024-10-16,Sunny,06:00,Yes,No,No,6
9,Tuesday,2024-01-09,Rainy,10:51,No,No,No,10
21,Friday,2024-12-13,Rainy,19:22,Yes,No,No,19
0,Saturday,2024-08-24,Rainy,08:08,Yes,Yes,No,8
39,Monday,2024-10-07,Rainy,20:34,No,No,No,20
12,Monday,2024-09-30,Rainy,15:07,No,No,No,15
0,Tuesday,2024-07-02,Sunny,09:18,Yes,No,No,9
38,Monday,2024-02-05,Sunny,19:32,Yes,No,No,19
46,Monday,2024-06-17,Rainy,11:35,No,No,No,11
50,Monday,2024-02-12,Sunny,13:01,No,No,No,13
0,Tuesday,2024-12-17,Sunny,19:15,Yes,No,No,19
1,Saturday,2024-12-07,Rainy,06:32,Yes,Yes,No,6
2,Tuesday,2024-08-27,Rainy,09:46,Yes,No,No,9
30,Friday,2024-07-26,Rainy,08:55,Yes,No,No,8
47,Friday,2024-08-02,Rainy,07:20,Yes,No,No,7
11,Monday,2024-07-22,Sunny,20:10,No,No,No,20
34,Saturday,2024-06-15,Rainy,19:43,Yes,Yes,No,19
44,Monday,2024-12-23,Sunny,05:07,No,No,No,5
37,Sunday,2024-05-05,Sunny,18:32,Yes,Yes,No,18
50,Friday,2024-01-19,Rainy,08:19,Yes,No,No,8
10,Monday,2024-08-12,Rainy,06:07,Yes,No,No,6
47,Thursday,2024-11-21,Rainy,11:11,No,No,No,11
6,Friday,2024-03-29,Rainy,08:48,Yes,No,No,8
12,Sunday,2024-02-25,Sunny,11:13,No,Yes,No,11
22,Friday,2024-06-21,Rainy,12:26,No,No,No,12
4,Tuesday,2024-11-19,Rainy,11:10,No,No,No,11
28,Monday,2024-12-16,Rainy,16:51,Yes,No,No,16
25,Thursday,2024-05-16,Sunny,07:35,Yes,No,No,7
44,Wednesday,2024-08-07,Rainy,11:45,No,No,No,11
28,Thursday,2024-08-22,Sunny,05:59,No,No,No,5
38,Wednesday,2024-10-09,Sunny,18:44,Yes,No,No,18
7,Tuesday,2024-10-08,Rainy,18:05,Yes,No,No,18
43,Monday,2024-06-17,Sunny,11:31,No,No,No,11
39,Sunday,2024-02-04,Sunny,07:04,Yes,Yes,No,7
42,Wednesday,2024-06-12,Sunny,15:44,No,No,No,15
5,Friday,2024-03-22,Rainy,15:12,No,No,No,15
22,Saturday,2024-01-27,Sunny,11:23,No,Yes,No,11
28,Tuesday,2024-09-17,Rainy,14:35,No,No,No,14
13,Monday,2024-11-04,Rainy,12:50,No,No,No,12
16,Monday,2024-02-05,Sunny,15:44,No,No,No,15
48,Tuesday,2024-03-26,Rainy,14:17,No,No,No,14
17,Thursday,2024-03-14,Sunny,17:08,Yes,No,No,17
40,Tuesday,2024-07-30,Sunny,07:37,Yes,No,No,7
26,Tuesday,2024-10-15,Sunny,07:37,Yes,No,No,7
0,Wednesday,2024-05-01,Sunny,22:53,No,No,Yes,22
24,Saturday,2024-03-02,Rainy,19:44,Yes,Yes,No,19
20,Sunday,2024-08-18,Sunny,12:32,No,Yes,No,12
3,Thursday,2024-08-29,Rainy,08:14,Yes,No,No,8
7,Thursday,2024-05-30,Sunny,22:44,No,No,No,22
44,Thursday,2024-09-12,Rainy,18:45,Yes,No,No,18
28,Saturday,2024-11-23,Sunny,22:18,No,Yes,No,22
0,Monday,2024-04-29,Sunny,07:13,Yes,No,No,7
20,Saturday,2024-07-13,Sunny,22:52,No,Yes,No,22
42,Saturday,2024-01-27,Sunny,14:14,No,Yes,No,14
45,Tuesday,2024-11-19,Rainy,20:19,No,No,No,20
16,Thursday,2024-08-29,Rainy,12:19,No,No,No,12
48,Saturday,2024-05-04,Sunny,11:35,No,Yes,No,11
23,Saturday,2024-11-02,Sunny,21:54,No,Yes,No,21
34,Wednesday,2024-08-14,Rainy,14:02,No,No,No,14
45,Tuesday,2024-07-02,Rainy,15:10,No,No,No,15
43,Monday,2024-10-14,Sunny,05:31,No,No,No,5
40,Sunday,2024-03-24,Rainy,21:54,No,Yes,No,21
17,Saturday,2024-11-16,Sunny,20:43,No,Yes,No,20
39,Monday,2024-01-01,Rainy,06:00,Yes,No,Yes,6
21,Tuesday,2024-04-23,Sunny,16:25,Yes,No,No,16
44,Monday,2024-12-02,Rainy,09:45,Yes,No,No,9
7,Friday,2024-06-07,Sunny,17:21,Yes,No,No,17
6,Monday,2024-06-24,Rainy,20:19,No,No,No,20
4,Tuesday,2024-10-01,Sunny,15:58,No,No,No,15
40,Monday,2024-01-01,Sunny,10:45,No,No,Yes,10
0,Saturday,2024-05-25,Rainy,17:28,Yes,Yes,No,17
28,Wednesday,2024-10-02,Sunny,14:17,No,No,No,14
23,Saturday,2024-01-20,Rainy,07:54,Yes,Yes,No,7
46,Saturday,2024-02-24,Rainy,20:14,No,Yes,No,20
25,Sunday,2024-07-21,Rainy,06:23,Yes,Yes,No,6
48,Tuesday,2024-12-10,Rainy,15:48,No,No,No,15
3,Monday,2024-11-11,Sunny,20:08,No,No,No,20
8,Friday,2024-06-28,Rainy,18:17,Yes,No,No,18
8,Wednesday,2024-05-08,Sunny,17:41,Yes,No,No,17
22,Saturday,2024-08-10,Rainy,13:23,No,Yes,No,13
25,Saturday,2024-03-16,Sunny,08:25,Yes,Yes,No,8
1,Wednesday,2024-02-07,Sunny,08:49,Yes,No,No,8
35,Thursday,2024-04-18,Sunny,09:45,Yes,No,No,9
7,Tuesday,2024-03-26,Rainy,09:11,Yes,No,No,9
43,Sunday,2024-04-07,Sunny,08:04,Yes,Yes,Yes,8
9,Thursday,2024-10-24,Sunny,15:20,No,No,No,15
17,Thursday,2024-01-11,Rainy,19:16,Yes,No,No,19
9,Friday,2024-11-01,Sunny,10:25,No,No,No,10
14,Thursday,2024-02-22,Sunny,13:35,No,No,No,13
6,Friday,2024-11-29,Rainy,11:43,No,No,No,11
44,Monday,2024-07-29,Sunny,15:41,No,No,No,15
43,Sunday,2024-11-17,Sunny,22:21,No,Yes,No,22
47,Saturday,2024-03-16,Rainy,06:17,Yes,Yes,No,6
18,Tuesday,2024-12-17,Rainy,13:34,No,No,No,13
46,Monday,2024-02-19,Sunny,13:45,No,No,No,13
41,Friday,2024-01-12,Rainy,13:43,No,No,No,13
7,Saturday,2024-08-31,Sunny,18:57,Yes,Yes,No,18
30,Friday,2024-07-19,Rainy,20:07,No,No,No,20
16,Tuesday,2024-10-08,Rainy,05:30,No,No,No,5
27,Wednesday,2024-02-14,Sunny,18:36,Yes,No,No,18
15,Thursday,2024-08-08,Rainy,10:57,No,No,No,10
17,Saturday,2024-11-09,Sunny,10:16,No,Yes,No,10
10,Monday,2024-02-12,Rainy,15:30,No,No,No,15
28,Thursday,2024-08-15,Sunny,17:16,Yes,No,No,17
40,Saturday,2024-06-29,Sunny,07:58,Yes,Yes,No,7
48,Tuesday,2024-08-06,Rainy,22:37,No,No,No,22
1,Wednesday,2024-10-30,Sunny,05:39,No,No,No,5
7,Friday,2024-11-08,Sunny,14:20,No,No,No,14
13,Wednesday,2024-01-17,Sunny,08:04,Yes,No,No,8
26,Tuesday,2024-02-13,Rainy,20:33,No,No,No,20
13,Monday,2024-08-12,Rainy,13:30,No,No,No,13
11,Friday,2024-03-01,Sunny,19:04,Yes,No,No,19
7,Wednesday,2024-02-14,Rainy,12:12,No,No,No,12
8,Tuesday,2024-12-17,Sunny,07:39,Yes,No,No,7
35,Monday,2024-09-23,Sunny,13:35,No,No,No,13
47,Tuesday,2024-11-05,Sunny,18:23,Yes,No,No,18
11,Thursday,2024-09-26,Sunny,09:32,Yes,No,No,9
24,Friday,2024-10-11,Sunny,15:27,No,No,No,15
22,Sunday,2024-03-24,Rainy,21:09,No,Yes,No,21
7,Thursday,2024-10-10,Sunny,09:21,Yes,No,No,9
34,Friday,2024-05-10,Sunny,17:40,Yes,No,No,17
30,Sunday,2024-01-28,Sunny,21:24,No,Yes,No,21
28,Saturday,2024-12-14,Sunny,11:02,No,Yes,No,11
43,Thursday,2024-01-18,Sunny,20:34,No,No,No,20
36,Sunday,2024-09-08,Rainy,06:43,Yes,Yes,No,6
47,Monday,2024-05-13,Sunny,19:09,Yes,No,No,19
50,Sunday,2024-02-04,Rainy,07:09,Yes,Yes,No,7
49,Thursday,2024-11-14,Sunny,10:18,No,No,No,10
19,Saturday,2024-01-27,Rainy,05:07,No,Yes,No,5
19,Friday,2024-07-05,Rainy,10:17,No,No,No,10
38,Wednesday,2024-07-10,Sunny,18:58,Yes,No,No,18
29,Saturday,2024-08-17,Sunny,16:44,Yes,Yes,No,16
16,Wednesday,2024-04-03,Rainy,12:52,No,No,No,12
21,Monday,2024-08-12,Sunny,11:17,No,No,No,11
39,Wednesday,2024-05-08,Rainy,17:10,Yes,No,No,17
11,Sunday,2024-02-11,Rainy,13:14,No,Yes,No,13
23,Wednesday,2024-02-28,Sunny,20:37,No,No,No,20
21,Thursday,2024-08-22,Rainy,05:47,No,No,No,5
29,Saturday,2024-01-06,Rainy,05:24,No,Yes,No,5
40,Saturday,2024-02-10,Sunny,11:09,No,Yes,No,11
5,Wednesday,2024-09-11,Rainy,13:12,No,No,No,13
24,Saturday,2024-01-20,Rainy,08:56,Yes,Yes,No,8
49,Monday,2024-03-11,Sunny,18:16,Yes,No,No,18
5,Friday,2024-08-30,Sunny,21:05,No,No,No,21
43,Monday,2024-05-27,Sunny,11:58,No,No,No,11
10,Wednesday,2024-02-21,Rainy,20:34,No,No,No,20
31,Wednesday,2024-04-24,Sunny,11:42,No,No,No,11
38,Saturday,2024-04-27,Rainy,15:58,No,Yes,No,15
50,Monday,2024-04-15,Rainy,13:34,No,No,No,13
49,Thursday,2024-08-01,Rainy,16:53,Yes,No,No,16
11,Sunday,2024-07-07,Rainy,20:08,No,Yes,No,20
1,Sunday,2024-11-17,Sunny,08:36,Yes,Yes,No,8
2,Monday,2024-11-04,Rainy,22:32,No,No,No,22
34,Saturday,2024-03-23,Rainy,06:01,Yes,Yes,No,6
46,Friday,2024-08-23,Sunny,10:51,No,No,No,10
34,Sunday,2024-05-12,Rainy,18:13,Yes,Yes,No,18
49,Wednesday,2024-07-24,Sunny,11:41,No,No,No,11
15,Thursday,2024-07-11,Sunny,10:31,No,No,No,10
7,Wednesday,2024-03-27,Rainy,16:30,Yes,No,No,16
38,Tuesday,2024-11-12,Sunny,07:45,Yes,No,No,7
11,Monday,2024-05-06,Sunny,17:34,Yes,No,No,17
13,Saturday,2024-08-10,Rainy,08:27,Yes,Yes,No,8
21,Thursday,2024-12-05,Rainy,11:12,No,No,No,11
43,Wednesday,2024-08-14,Sunny,08:18,Yes,No,No,8
47,Thursday,2024-04-18,Sunny,13:47,No,No,No,13
32,Wednesday,2024-05-29,Rainy,08:28,Yes,No,No,8
50,Saturday,2024-07-13,Rainy,19:04,Yes,Yes,No,19
4,Wednesday,2024-03-27,Rainy,18:03,Yes,No,No,18
27,Monday,2024-05-27,Sunny,20:17,No,No,No,20
0,Tuesday,2024-11-05,Rainy,14:24,No,No,No,14
33,Friday,2024-09-06,Rainy,16:51,Yes,No,No,16
3,Thursday,2024-07-11,Rainy,05:20,No,No,No,5
45,Thursday,2024-02-22,Sunny,21:33,No,No,No,21
28,Saturday,2024-01-27,Sunny,07:35,Yes,Yes,No,7
37,Friday,2024-03-08,Rainy,10:40,No,No,No,10
50,Monday,2024-06-24,Sunny,16:20,Yes,No,No,16
30,Tuesday,2024-07-16,Sunny,19:48,Yes,No,No,19
48,Tuesday,2024-07-23,Rainy,10:13,No,No,No,10
6,Wednesday,2024-10-09,Rainy,05:55,No,No,No,5
3,Tuesday,2024-11-26,Sunny,17:21,Yes,No,No,17
12,Thursday,2024-06-27,Rainy,21:18,No,No,No,21
4,Friday,2024-08-09,Rainy,17:59,Yes,No,No,17
22,Saturday,2024-08-03,Rainy,15:43,No,Yes,No,15
25,Sunday,2024-03-24,Rainy,19:59,Yes,Yes,No,19
10,Sunday,2024-02-18,Sunny,18:12,Yes,Yes,No,18
42,Monday,2024-01-22,Rainy,22:43,No,No,No,22
49,Friday,2024-02-23,Sunny,05:49,No,No,No,5
35,Monday,2024-01-22,Sunny,08:48,Yes,No,No,8
0,Monday,2024-07-15,Sunny,14:56,No,No,No,14
44,Thursday,2024-05-16,Rainy,16:17,Yes,No,No,16
0,Monday,2024-07-15,Sunny,19:38,Yes,No,No,19
18,Wednesday,2024-08-21,Sunny,18:06,Yes,No,No,18
40,Thursday,2024-03-28,Rainy,16:27,Yes,No,No,16
37,Tuesday,2024-02-27,Rainy,19:12,Yes,No,No,19
2,Saturday,2024-05-18,Sunny,14:19,No,Yes,No,14
21,Monday,2024-05-20,Rainy,08:21,Yes,No,No,8
3,Monday,2024-10-07,Rainy,10:42,No,No,No,10
42,Sunday,2024-03-31,Sunny,11:48,No,Yes,No,11
21,Thursday,2024-06-20,Sunny,08:44,Yes,No,No,8
44,Friday,2024-10-11,Rainy,16:21,Yes,No,No,16
47,Saturday,2024-06-08,Rainy,13:10,No,Yes,No,13
16,Saturday,2024-07-06,Rainy,21:57,No,Yes,No,21
22,Saturday,2024-09-28,Sunny,14:35,No,Yes,No,14
11,Sunday,2024-01-07,Rainy,06:46,Yes,Yes,No,6
49,Wednesday,2024-02-21,Rainy,22:09,No,No,No,22
32,Monday,2024-01-29,Sunny,08:29,Yes,No,No,8
48,Monday,2024-05-20,Sunny,17:47,Yes,No,No,17
27,Saturday,2024-01-20,Rainy,09:48,Yes,Yes,No,9
33,Saturday,2024-07-27,Sunny,21:47,No,Yes,No,21
37,Friday,2024-01-05,Rainy,17:28,Yes,No,No,17
28,Saturday,2024-03-30,Sunny,13:49,No,Yes,No,13
42,Saturday,2024-11-09,Rainy,08:33,Yes,Yes,No,8
24,Friday,2024-11-01,Rainy,15:58,No,No,No,15
25,Thursday,2024-05-16,Rainy,19:16,Yes,No,No,19
48,Wednesday,2024-09-18,Rainy,12:01,No,No,No,12
2,Friday,2024-05-03,Rainy,15:22,No,No,No,15
41,Saturday,2024-05-18,Rainy,05:59,No,Yes,No,5
34,Friday,2024-06-28,Sunny,11:11,No,No,No,11
28,Monday,2024-01-08,Rainy,18:07,Yes,No,No,18
32,Sunday,2024-03-03,Rainy,22:40,No,Yes,No,22
48,Saturday,2024-06-29,Sunny,13:27,No,Yes,No,13
49,Saturday,2024-12-14,Sunny,15:46,No,Yes,No,15
44,Sunday,2024-09-29,Rainy,12:48,No,Yes,No,12
15,Monday,2024-03-18,Sunny,05:35,No,No,No,5
1,Monday,2024-01-01,Sunny,16:20,Yes,No,Yes,16
23,Sunday,2024-03-17,Rainy,14:28,No,Yes,No,14
49,Wednesday,2024-07-10,Sunny,14:04,No,No,No,14
24,Saturday,2024-09-14,Rainy,14:02,No,Yes,No,14
14,Saturday,2024-10-19,Sunny,16:24,Yes,Yes,No,16
4,Sunday,2024-03-31,Rainy,07:45,Yes,Yes,No,7
39,Monday,2024-01-01,Sunny,12:40,No,No,Yes,12
36,Tuesday,2024-02-13,Rainy,15:43,No,No,No,15
6,Saturday,2024-08-03,Rainy,07:55,Yes,Yes,No,7
29,Monday,2024-12-16,Sunny,22:26,No,No,No,22
8,Tuesday,2024-10-08,Sunny,10:39,No,No,No,10
12,Thursday,2024-07-25,Rainy,17:14,Yes,No,No,17
49,Wednesday,2024-03-06,Rainy,19:44,Yes,No,No,19
36,Friday,2024-03-01,Sunny,06:22,Yes,No,No,6
11,Sunday,2024-03-17,Sunny,14:01,No,Yes,No,14
45,Sunday,2024-08-25,Rainy,10:15,No,Yes,No,10
42,Thursday,2024-07-04,Rainy,07:42,Yes,No,No,7
13,Friday,2024-07-26,Sunny,05:01,No,No,No,5
37,Wednesday,2024-08-07,Rainy,11:01,No,No,No,11
18,Wednesday,2024-06-12,Rainy,20:44,No,No,No,20
5,Wednesday,2024-08-07,Sunny,20:14,No,No,No,20
33,Thursday,2024-05-02,Sunny,13:38,No,No,No,13
30,Thursday,2024-12-26,Rainy,17:38,Yes,No,No,17
15,Thursday,2024-07-25,Sunny,11:01,No,No,No,11
3,Thursday,2024-08-01,Rainy,15:56,No,No,No,15
7,Friday,2024-11-29,Rainy,11:04,No,No,No,11
17,Tuesday,2024-01-30,Rainy,14:15,No,No,No,14
12,Tuesday,2024-08-06,Sunny,05:22,No,No,No,5
7,Thursday,2024-09-26,Rainy,19:18,Yes,No,No,19
7,Friday,2024-01-12,Sunny,06:36,Yes,No,No,6
15,Tuesday,2024-02-27,Rainy,18:17,Yes,No,No,18
16,Friday,2024-05-10,Sunny,19:50,Yes,No,No,19
31,Saturday,2024-08-24,Rainy,06:38,Yes,Yes,No,6
19,Wednesday,2024-04-03,Sunny,05:08,No,No,No,5
2,Saturday,2024-08-03,Sunny,16:32,Yes,Yes,No,16
40,Wednesday,2024-10-23,Rainy,08:53,Yes,No,No,8
12,Thursday,2024-08-22,Rainy,07:14,Yes,No,No,7
25,Saturday,2024-09-14,Sunny,21:50,No,Yes,No,21
43,Sunday,2024-12-01,Sunny,05:20,No,Yes,No,5
11,Monday,2024-10-21,Rainy,10:54,No,No,No,10
21,Sunday,2024-10-13,Sunny,17:18,Yes,Yes,No,17
3,Saturday,2024-09-07,Rainy,18:01,Yes,Yes,No,18
49,Sunday,2024-07-21,Rainy,08:04,Yes,Yes,No,8
9,Sunday,2024-01-28,Rainy,11:50,No,Yes,No,11
47,Tuesday,2024-12-17,Rainy,13:15,No,No,No,13
43,Sunday,2024-08-25,Sunny,05:28,No,Yes,No,5
41,Tuesday,2024-03-12,Sunny,07:15,Yes,No,No,7
14,Wednesday,2024-06-26,Sunny,08:08,Yes,No,No,8
40,Sunday,2024-07-21,Rainy,10:18,No,Yes,No,10
28,Tuesday,2024-09-17,Sunny,21:08,No,No,No,21
33,Friday,2024-06-07,Rainy,19:23,Yes,No,No,19
19,Sunday,2024-02-18,Sunny,13:12,No,Yes,No,13
47,Sunday,2024-12-15,Rainy,09:50,Yes,Yes,No,9
10,Tuesday,2024-05-14,Rainy,06:56,Yes,No,No,6
48,Thursday,2024-10-03,Sunny,11:13,No,No,No,11
43,Tuesday,2024-07-09,Sunny,07:59,Yes,No,No,7
3,Friday,2024-05-24,Sunny,13:20,No,No,No,13
27,Friday,2024-02-02,Sunny,07:05,Yes,No,No,7
34,Thursday,2024-05-23,Sunny,10:13,No,No,No,10
18,Monday,2024-07-22,Rainy,05:54,No,No,No,5
18,Wednesday,2024-08-21,Sunny,15:21,No,No,No,15
45,Saturday,2024-08-31,Rainy,10:01,No,Yes,No,10
44,Friday,2024-03-29,Sunny,07:04,Yes,No,No,7
0,Wednesday,2024-08-21,Sunny,21:19,No,No,No,21
42,Wednesday,2024-10-02,Rainy,11:55,No,No,No,11
19,Saturday,2024-06-22,Sunny,22:03,No,Yes,No,22
48,Monday,2024-02-19,Rainy,16:12,Yes,No,No,16
31,Monday,2024-12-09,Sunny,10:02,No,No,No,10
7,Wednesday,2024-08-28,Rainy,15:57,No,No,No,15
2,Tuesday,2024-12-10,Rainy,10:11,No,No,No,10
10,Wednesday,2024-11-20,Rainy,17:14,Yes,No,No,17
0,Monday,2024-07-08,Rainy,07:56,Yes,No,No,7
33,Saturday,2024-10-26,Rainy,12:03,No,Yes,No,12
